region,revenue_variance_pct,success_rate_pct,failure_rate_pct,avg_revenue_per_txn
APAC,-0.22727272727272707,93.91025641025641,6.089743589743589,83.81410256410257
EMEA,0.43859649122807,94.68181818181819,5.318181818181818,88.5
